wikidata_id,language,name
Q55,en,Netherlands
Q55,tr,Hollanda
Q148,en,China
Q148,tr,Çin
Q15180,en,Soviet Union
Q15180,tr,Sovyetler Birliği
Q36704,en,Yugoslavia
Q36704,tr,Yugoslavya
Q33946,en,Czechoslovakia
Q33946,tr,Çekoslovakya
Q16957,en,East Germany
Q16957,tr,Doğu Almanya
Q37024,en,Serbia and Montenegro
Q37024,tr,Sırbistan-Karadağ
Q55,de,Niederlande
Q55,es,Países Bajos
Q55,fr,Pays-Bas
Q55,it,Paesi Bassi
Q148,de,China
Q148,es,China
Q148,fr,Chine
Q148,it,Cina
Q15180,de,Sowjetunion
Q15180,es,Unión Soviética
Q15180,fr,Union soviétique
Q15180,it,Unione Sovietica
Q36704,de,Jugoslawien
Q36704,es,Yugoslavia
Q36704,fr,Yougoslavie
Q36704,it,Jugoslavia
Q33946,de,Tschechoslowakei
Q33946,es,Checoslovaquia
Q33946,fr,Tchécoslovaquie
Q33946,it,Cecoslovacchia
Q16957,de,DDR
Q16957,es,Alemania Oriental
Q16957,fr,Allemagne de l'Est
Q16957,it,Germania Est
Q37024,de,Serbien und Montenegro
Q37024,es,Serbia y Montenegro
Q37024,fr,Serbie-et-Monténégro
Q37024,it,Serbia e Montenegro
