wikidata_id,file
Q1929,Gael Clichy Arsenal vs Birmingham 2010-11.jpg
Q1934,Sidney Govou.jpg
Q4261,Michel Platini 2008.jpg
Q11954,FC Salzburg gegen SSC Napoli (Championsleague 3. Runde 23. Oktober 2019) 41.jpg
Q11958,Phillip Cocu.JPG
Q13306,1 Alexandre Lacazette 2018.jpg
Q13308,Samuel Umtiti FRA U-19.jpg
Q15802,"Luque, J. J. López, Passarella, Filliol y Alonso (River) - El Gráfico 2939.jpg"
Q17500,Xavi Hernandez (18090182763).jpg
Q17515,Maradona at 2012 GCC Champions League final.JPG
Q20110,KL-2018 (7).jpg
Q26069,Huntelaar (15300325039) (crop).jpg
Q27476,"Newcastle United vs Arsenal, 29 August 2015 (08).JPG"
Q31564,Hakan balta'14gs.JPG
Q39209,Koray Günter - Oscar Rene Cardozo.JPG
Q44420,FIFA WC-qualification 2014 - Austria vs Ireland 2013-09-10 - Giovanni Trapattoni 03.JPG
Q47489,Djalminha2.jpg
Q47548,2012 2013 - 01 Victor Valdés.jpg
Q48330,Roberto mancini in 2021.jpg
Q58762,Leonardo Dedê 2011.jpg
Q59490,Serge Gnabry Training 2018-10-09 FC Bayern Muenchen-4.jpg
Q61655,Gökhan Töre 2013 1.jpg
Q62166,Christian Abbiati.jpg
Q63659,Gabriel Heinze 2022 Newell's.png
Q80306,"Singapore Selection vs Juventus, 2014, Juve's Training Session - Giorgio Chiellini, Martín Cáceres and Luca Marrone.jpg"
Q84077,Andreas Cornelius cropped.jpg
Q93563,Luke Shaw v Cardiff.jpg
Q94850,Adriano Correia 2012.jpg
Q102331,Socrates (futebolista) participando do movimento político Diretas Já.jpg
Q107089,Robert Enke 4 (cropped).JPG
Q114487,Serdar Kurtuluş Beşiktaş.jpg
Q115453,Barça - Napoli - 20140806 - Ivan Rakitic.jpg
Q116980,"Edgar Davids (Juventus F.C., no. 26) clashing with Gennaro Gattuso (A.C. Milan) - 20030528.jpg"
Q129700,Mario-Balotelli-Al-Ittifaq-2026.jpg
Q130215,Match legends 2017 CC (4).jpg
Q134976,Lukas Podolski - 2019202170530 2019-07-21 Champions for Charity - 0298 - 5DSR2596.jpg
Q139156,Matias e Delgado 2009 (cropped).jpg
Q145431,Aatif Chahechouhe.jpg
Q147896,JosephYobo'13.JPG
Q150947,Martin Demichelis (24107132153) (cropped).jpg
Q151269,2019147194857 2019-05-27 Fussball 1.FC Kaiserslautern vs FC Bayern München - Sven - 1D X MK II - 0727 - AK8I2340 (cropped).jpg
Q151838,Axel Witsel Belgium v USA 6 July 2026-011.jpg
Q152725,Roy Makaay 002.jpg
Q153387,Hasan Salihamidžić.jpg
Q154156,Mehmet Scholl .jpg
Q154856,20180602 FIFA Friendly Match Austria vs. Germany Andreas Köpke 850 0757.jpg
Q159045,Andreas Brehme 2008.jpg
Q160206,Chelsea Legends 1 Inter Forever 4 (27457022797).jpg
Q161054,Ivan Perisic Croatia v Portugal 2 July 2026-013.jpg
Q163974,2000 Portret van Rafael van der Vaart.jpg
Q164546,Alfredo Di Stéfano - El Gráfico 2270.jpg
Q165014,Ibrahim Afellay.jpg
Q168740,Juan Mata 2024.png
Q170452,Adriano 2009.jpg
Q171295,Football against poverty 2014 - Pavel Nedved.jpg
Q172211,Jamie Carragher meets the fans.jpg
Q172720,Dani Alves - 2011 - Scotland v Brazil.jpg
Q174486,AntonioValencia2022.jpg
Q175296,Raul Meireles - Portugal.jpg
Q180993,Antonio Cassano Milan.jpg
Q184946,Joe Cole meets the fans.jpg
Q185093,Navas of Manchester City October 2014.jpg
Q187198,Kenny dalglish figurita (cropped).jpg
Q187273,Zeki Rıza Sporel.jpg
Q188564,Massimo Ambrosini – A.C. Milan 2.jpg
Q189827,John Arne Riise - 53493099485 (original).jpg
Q191080,RC Lens - Clermont Foot 63 (04-05-2019) 61.jpg
Q191136,James Milner signing autograph 02032024 (5).jpg
Q192747,Shaun Wright-Phillips - Man City.jpg
Q192856,EmmanuelEboueMuamba.JPG
Q192971,Damien Duff and his brother Sergeant Gerry Duff visit the troops of the Irish 106 Battalion in Tibnine Lebanon (7514324536).jpg
Q192974,Hakan şükür.jpg
Q192986,John Carew close.jpg
Q194769,"Elabdellaoui, Omar BS 12-13 WP.JPG"
Q201367,De Jong V.d. Wiel NL 2011.jpg
Q201825,Marek Hamšík - SSC Neapel (3).jpg
Q202645,Adrian Mutu at Sports Festival 2025.jpg
Q203665,Simao (Madrid).jpg
Q204429,Match legends 2017 CC (3).jpg
Q204450,Felipe Melo Libertadores 2021.jpg
Q207397,Didier Zokora 2007.jpg
Q208638,Simon Kjær (LOSC Lille).JPG
Q209992,Volkan Demirel Turkey.jpg
Q211996,Tomas Rosicky tracks Jose Bosingwa.jpg
Q214903,U03 Diego Godín 7543.jpg
Q216140,Stanley Matthews statue1.jpg
Q216312,Chilavert 2014.jpg
Q217097,Richardkingston.jpg
Q219354,"Ian Rush, Wales Team, 1988 (1).jpg"
Q221798,Cicinho.jpg
Q231468,Zvonimir Boban.jpg
Q266613,Wayne Rooney 2.jpg
Q274268,EdouardCissé.jpg
Q276178,Ossie.jpg
Q276434,Verratti & Pastore.jpg
Q283737,Ersan Gülüm'14.JPG
Q293267,Martin viveros con Oscar cordoba 2009 en Millonarios fc.jpg
Q295311,Peru tren (7).jpg
Q295559,Christian Damiano and Jean Tigana 09052026 (2).jpg
Q296058,Edmílson - 001.jpg
Q296276,Silvio Piola.jpg
Q297441,Ömer Ali Şahiner 42 İstanbul Başakşehir FK 20250731 (3).jpg
Q297845,URU-POR (15).jpg
Q299762,Tomáš Sivok- BJK.JPG
Q309628,"Newcastle United vs Watford, 19 September 2015 (08).JPG"
Q310369,FreddyAdu 20060614 (cropped).jpg
Q310813,Norway Italy - June 2025 A 44 (Luciano Spalletti).jpg
Q311035,José Kléberson.jpg
Q311586,Lionel Scaloni 2022 vs Colombia.jpg
Q313145,Colin Kazim-Richards.jpg
Q313911,De Jong V.d. Wiel NL 2011.jpg
Q314099,"Holyoke, Massachusetts - Silk. William Skinner and Sons. Quilling rayon (Polish) - NARA - 518313.jpg"
Q314241,"Jose Sosa - Switzerland vs. Argentina, 29th February 2012.jpg"
Q317536,Safet Susic.jpg
Q317612,Austria U21 vs. Turkey U21 20131114 (055).jpg
Q318069,Abdülkerim Bardakçı - beIN-Sports-Reklam (2021) (cropped).png
Q326445,Aurélien Chedjou - Eden Hazard.JPG
Q326477,Enzo Fernández WC2022.jpg
Q327454,Aydın Karabulut'13.JPG
Q329524,Everton v Cardiff 2014 (1).jpg
Q334484,"Gabriel Tamas - Petrolul Ploiesti vs Rapid Bucuresti, 13 August 2022.jpg"
Q347045,Tugay kerioglu in 2016.jpg
Q347172,SabriTurkiye.JPG
Q347327,Servet in national team (11.08.2010).JPG
Q350107,Chelsea 4 Cardiff 1 (30910412978).jpg
Q350616,Adel Taarabt.jpg
Q352815,Rustam Minnikhanov with Ryzhikov and Karadeniz (2018-06-14) 03.jpg
Q354529,Massimiliano Allegri USA 2012.jpg
Q356056,Rodrigo Tello.JPG
Q367846,Gasperini Gian Piero.jpg
Q376247,Lens - Marseille (03-02-2021) 9.jpg
Q426881,Mustafa Sarp'14.JPG
Q435749,Alpay (311137168).jpg
Q438340,Diego Perotti.jpg
Q459707,Chelsea 3 Aston Villa 0 (15185716110).jpg
Q472488,Serdar Gürler Trabzonspor.JPG
Q472508,Veli Kavlak - Österreich U-21 (1).jpg
Q482947,"Nani (Fenerbahçe, 2015).jpg"
Q483577,Rivaldo e Juninho Pernambucano.jpg
Q507832,Yılın Futbol Oscarları Ödül Töreni Bülent Korkmaz.jpg
Q509489,Pascal Groß 24012026 (1).jpg
Q509828,Mustafa Yumlu'13.JPG
Q547797,Serkan Balcı Antalyaspor.jpg
Q550742,Edin Višća as Soccerplayer of Başakşehir FK (2019–20 Süper Lig) (cropped).png
Q553213,Jajá2014 (cropped).jpg
Q553975,Michael Eneramo'13.JPG
Q555091,Engin Baytar Rizespor.jpg
Q559158,FTekke.JPG
Q567406,Mustafa Doğan 2021.png
Q569272,Sinan Bolat'14.JPG
Q570811,Ricardo-Carvalho-2015-07.jpg
Q573150,Ceyhun Gülselam.jpg
Q573330,AUT vs. TUR 2016-03-29 (374).jpg
Q577265,Serdar Özkan.jpg
Q595517,Dany Nounkeu Johan Elmander.jpg
Q607752,Gökçek Wederson 2013-14.JPG
Q617680,Erman Kılıç '13.JPG
Q651954,Olcan Adın'14-15.JPG
Q656838,Fener train 2016 (7).jpg
Q663918,Deniz naki.JPG
Q687372,Ryan Donk'14.JPG
Q690476,Baris Özbek beim Aufwärmen (10315282383).jpg
Q697338,Ekrem Dağ 2012.JPG
Q723919,Bobô's last game with Sydeny FC.jpg
Q725841,Ibrahim Yattara 20250731 (1).jpg
Q727569,Kasımpaşa Yalçın Ayhan.JPG
Q729830,Aykut Erçetin '13.JPG
Q736391,Zhavi Maccabi.JPG
Q739376,Selçuk Şahin 20250821.jpg
Q747003,Sercan Yıldırım'14.JPG
Q758356,RB Leipzig vs. FC Liefering (Testspiel 9. August 2016) 27.jpg
Q762860,Şükrü Gülesin-Hakkı Yeten 1947.png
Q782660,Yılmaz Vural at 42nd Istanbul Book Fair 20251221.jpg
Q787437,NecatiAtesOrdu.JPG
Q792898,Aydın Yılmaz.jpg
Q792977,AykutDemir1.jpg
Q832137,Tarik26.jpg
Q860285,Bilal Kısa (A).jpeg
Q891520,Milan Škriniar 37 Fenerbahçe 20260805 (3).JPG
Q912172,Saúl Ñíguez.jpg
Q924604,Remzi Giray Kaçar TR.JPG
Q933318,"Kweuke, Léonard CB 09-10 WP.JPG"
Q946473,Umut Bulut '14-15.JPG
Q947940,Ertuğrul Taşkıran'14 (cropped).JPG
Q951211,Mehmet Topuz'14.JPG
Q957107,Mural depicting Miloš Milutinović in Belgrade.jpg
Q969423,Keylor Navas UNAM.jpg
Q969503,20160824 RBS DIN 7092.jpg
Q973416,Nikica Jelavic (24642305591) (cropped).jpg
Q1016271,Burhan Eşer 26.jpg
Q1031846,Bartu Can.jpg
Q1114411,Egemen Korkmaz.jpg
Q1277819,Mahmut Tekdemir Röportajda dahil 2021.png
Q1339629,Emre Çolak'13.JPG
Q1365667,Jimmy Durmaz (2018-05-09).jpg
Q1366105,Semih Kaya'13-14.JPG
Q1372826,Onur Recep Kıvrak cropped.jpg
Q1377559,Mustapha Yatabaré 2.jpg
Q1524118,"Guoan's Starting Line-up against Wuhan Three Towns, 16 July 2023.jpg"
Q1588094,Hasan Ali Kaldırım 2013 1.jpg
Q1858457,Yekta Kurtuluş 13.JPG
Q2025900,John Stones England v Ghana 23 June 2026-037.jpg
Q2070423,Antonio-Carlos-Zago-Palmeiras-2018.jpg
Q2091463,Anthony-Martial-2015.jpg
Q2301910,Michy Batshuayi chelsea.jpg
Q2304738,Ilie Datcu 1963.jpg
Q2505360,Uğur Boral'14.JPG
Q2626107,Joao Pedro.jpg
Q2641463,Eray İşcan '13-14.JPG
Q2845537,Anastasios Bakasetas.jpg
Q3318533,Mohamed Elneny 2018.jpg
Q3337661,Necip-Okaner.jpg
Q3529022,"2019-03-30 Fußball, Männer, 1. Bundesliga, RB Leipzig - Hertha BSC StP 3778 LR10 by Stepro.jpg"
Q3932901,Adebayo Akinfenwa and Wally Downes 01062025 (1).jpg
Q4241246,Bryan-Cristante-2023.jpg
Q4241680,FC Salzburg vs Borussia Dortmund (EL Achtelfinale Rückspiel 15. März 2018) 35.jpg
Q4621784,Cap-vert vs Ethiopi (24).jpg
Q5277658,SM-PAOK (13).jpg
Q5640551,03 19410630 Aksam.jpg
Q5879014,Geronimo Rulli Argentina v Spain 19 July 2026-055.jpg
Q6041016,Idman 19140501 GalipKulaksizoglu.jpg
Q6093113,Uğur Çiftçi.JPG
Q6110670,25th Laureus World Sports Awards - Red Carpet - Rodrigo de Paul - 240422 192702.jpg
Q10552615,Deyverson-2022 (cropped).png
Q13646572,Gabriel Barbosa Neymar.jpg
Q14778629,Fekir 2017.jpg
Q15084554,0K8A9123 (53465487892).jpg
Q15229440,Dia Saba 1 SAM 2340.jpg
Q16063229,Chelsea team out.jpg
Q16235823,Nélson Semedo 27 Fenerbahçe 20260805 (1).JPG
Q16901322,Zajc asse tfc 2425.png
Q16937968,Mert Hakan Yandaş Özel Röportajı (Temmuz 2019).png
Q16972254,UEFA EURO qualifiers Sweden vs Spain 20191015 Dani Ceballos 4.jpg
Q16979983,FWC 2018 - Group E - SRB v BRA - Photo 113 (cropped).jpg
Q17045723,Ianis Hagi.JPG
Q17517177,Rangers v Tottenham Hotspur (James Maddison).jpg
Q17517223,Vanja Milinković-Savić.jpg
Q18428483,Sofyan Amrabat France v Morocco 9 July 2026-026.jpg
Q19587938,Leicester 0 Chelsea 3 (31510599933).jpg
Q19588392,Vaclav Cerny 2016.jpg
Q19610875,Uğurcan Çakır - beIN-Sports-Reklam (2021) (cropped).png
Q19612578,Çağlar Söyüncü 4 Fenerbahçe 20260805 (2).JPG
Q19898898,Frenkie De Jong (2025) (cropped).png
Q19972631,Bright Osayi-Samuel 07032026 (7).jpg
Q20066885,Отбор к ЧМ-2022. Украина - Казахстан 1-1. 31 марта 2021 года — 1212758.jpg
Q20435178,Alexander Nubel Ecuador v Germany 25 June 2026-064.jpg
Q20641306,Nicolas Pépé Cote D'Ivoire v Ecuador 14 June 2026-23.jpg
Q20641319,Yokohama F. Marinos - Manchester City (3-5) - 53075276949 (Kalvin Phillips).jpg
Q20719582,Mario Hermoso 2019.jpg
Q21039587,André Franck Zambo Anguissa.jpg
Q21130285,Marcos Llorente Argentina v Spain 19 July 2026-011.jpg
Q21281344,Dodi Lukebakio Belgium v USA 6 July 2026-028.jpg
Q22007007,XXIII Memorial Quinocho (RC Celta vs Mainz 05) - 07.jpg
Q22162696,RC Lens - GFC Ajaccio (22-10-2018) 39.jpg
Q22278661,FC RB Salzburg gegen LASK (14. Februar 2020) 68.jpg
Q23063190,Yazydzhi CSKA.jpg
Q23759917,Alexander Isak France v Sweden 6.30.26-043.jpg
Q23762815,Dusan Vlahovic (cropped).jpg
Q23887828,Entraînement RC Lens - 3 juillet 2020 63.jpg
Q24085024,Открытая тренировка «Ференцвароша» перед матчем с «Динамо». 7 декабря 2020 года — 1173044.jpg
Q24231840,Vangelis Pavlidis 2026 2.jpg
Q26259982,Matthijs de Ligt.jpg
Q26838147,2018-10-16 Stage 2 (Boys' triple jump) at 2018 Summer Youth Olympics by Sandro Halank–673.jpg
Q26932598,Achraf Hakimi Morocco v Norway 7 June 2026-115.jpg
Q27889974,Moise Kean and David De Gea 25072026 (2).jpg
Q28065104,Omar Marmoush in 2023.jpg
Q28801927,Austria U-18 vs. Netherlands U-18 2017-03-23 (078).jpg
Q30148558,"Manchester United v Tottenham Hotspur, 12 March 2022 (44).jpg"
Q35694605,Carlos Vinícius 22122024 (2).jpg
Q36371294,Matvei Safonov 2020.jpg
Q38000669,Mason Mount - FC Zenit Saint Petersburg v Chelsea F.C. - 2021-12-08.jpg
Q39500352,Reijnders arriva in albergo (cropped).jpg
Q40126643,"Denis Dragus - FC Salzburg vs Viitorul Constanța, 24 August 2017) 48 (cropped).jpg"
Q50628268,RC Lens - Lille OSC (17-09-2021) 74.jpg
Q55819463,Mohamedbayo.jpg
Q56282469,RC Lens - US Orléans (17-05-2019) 14.jpg
Q56332606,FC Red Bull Salzburg gegen CF Barcelona (Testspiel 4. August 2021) 46.jpg
Q56877051,Mohammed Kudus of West Ham United.jpeg
Q57415806,Altay Bayindir (cropped).jpg
Q61076906,Berat Özdemir 2 İstanbul Başakşehir FK UECL 20250813 (3).jpg
Q64005114,João Pedro 11 PFC Cherno More 20250731 (3).jpg
Q64224437,Sontje Hansen 16082025 (1).jpg
Q64733000,"Horatiu Moldovan - Romania vs Greece, 25 March 2022.jpg"
Q67198835,Jeremie Frimpong 04012026 (5).jpg
Q69512938,SAMETAKAYDİN 4.jpg
Q98102459,RC Lens - Lille OSC (08-10-2023) 26.jpg
Q99617367,Francisco Conceicao Croatia v Portugal 2 July 2026-256.jpg
Q100602910,Hugo Ekitike (PSG 2023) (cropped).jpg
Q101628281,Bouchouari asse om 2425 cdf.png
Q105459235,FC Red Bull Salzburg gegen SK Rapid Wien (2025-05-24 Bundesliga) 49.jpg
Q105956269,Iliman Ndiaye France v Senegal 16 June 2026-475.jpg
Q106691309,Cher Ndour 25072026 (1).jpg
Q108111889,Gavi Argentina v Spain 19 July 2026-013.jpg
Q108159340,Derbide Fenerbahçe Yedek Oyuncu Arda Güler (2021-22 Süper Lig - Cropped).jpg
Q108910786,Maghnes Akliouche France v Senegal 16 June 2026-404.jpg
Q109282705,Oğuz Aydın 70 Fenerbahçe 20260805 (2) (cropped).JPG
Q110458872,1 Cristhian Mosquera 2026.jpg
Q110483835,Jobe Bellingham Jan 2022.png
Q110970778,SÉRIE A - PALMEIRAS 0 X 2 ATHLETICO PARANAENSE - Vitor Roque e Rômulo (2).jpg
Q117280421,Abbosbek Fayzullaev 11 İstanbul Başakşehir FK UECL 20250821 (1).jpg
Q118353095,"Kassoum Ouattara, AS Monaco, 2025.jpg"
Q121494430,TRABZONSPOR 2025-2026 İLK MAÇ İLK 11 (Tim Jabol-Folcarelli).jpg
Q124382289,Sidny Lopes Cabral.png
