file,player
Austria U21 vs. Turkey U21 20131114 (055).jpg,Abdullah Ercan
Kenny dalglish figurita.jpg,Kenny Dalglish
03 19410630 Aksam.jpg,Resul Yörük
Francesco Totti.jpg,Francesco Totti
Xavi Hernandez 2013 Catalonia.jpg,Xavi
RC Lens - Lille OSC (17-09-2021) 74.jpg,Zeki Çelik
Reijnders arriva in albergo.jpg,Tijjani Reijnders
Onur in national team (11.08.2010).JPG,Onur Kıvrak
"Horatiu Moldovan - Romania vs Greece, 25 March 2022.jpg",Horațiu Moldovan
"FC RB Salzburg versus Real Madrid (Testspiel, 7. August 2019) 20.jpg",Luka Jović
RB Leipzig vs. FC Liefering (Testspiel 9. August 2016) 27.jpg,Atınç Nukan
19370305 ZekiRizaSporel.jpg,Zeki Rıza Sporel
Ilie Datcu 1963.jpg,Ilie Datcu
Serdar Özkan (cropped).jpg,Serdar Özkan
Reijnders arriva in albergo (cropped).jpg,Tijjani Reijnders
Serdar Özkan.jpg,Serdar Özkan
